{
	"parent": "crossbow",
	"textures": {
		"0": "shishioko:item/gun_bfg50_0",
		"particle": "shishioko:item/gun_bfg50_0"
	},
	"elements": [
		{
			"name": "barrel",
			"from": [7.25, 2.5, -2],
			"to": [7.75, 3, 2],
			"rotation": {"angle": 0, "axis": "y", "origin": [7.5, 2.75, 0]},
			"faces": {
				"north": {"uv": [11, 4, 12, 5], "texture": "#0"},
				"east": {"uv": [2, 2, 6, 3], "texture": "#0"},
				"south": {"uv": [7, 11, 8, 12], "texture": "#0"},
				"west": {"uv": [2, 3, 6, 4], "texture": "#0"},
				"up": {"uv": [3, 8, 2, 4], "texture": "#0"},
				"down": {"uv": [4, 4, 3, 8], "texture": "#0"}
			}
		},
		{
			"name": "barrelshroud",
			"from": [7, 2.25, 2],
			"to": [8, 3.25, 16],
			"rotation": {"angle": 0, "axis": "y", "origin": [7.5, 2.75, 9]},
			"faces": {
				"north": {"uv": [12, 2, 13, 3], "texture": "#0"},
				"east": {"uv": [0, 0, 14, 1], "texture": "#0"},
				"south": {"uv": [3, 12, 4, 13], "texture": "#0"},
				"west": {"uv": [0, 1, 14, 2], "texture": "#0"},
				"up": {"uv": [1, 16, 0, 2], "texture": "#0"},
				"down": {"uv": [2, 2, 1, 16], "texture": "#0"}
			}
		},
		{
			"name": "muzzlebrake",
			"from": [7, 2.5, -4.5],
			"to": [8, 3, -2],
			"rotation": {"angle": 0, "axis": "y", "origin": [7.5, 2.75, -3.25]},
			"faces": {
				"north": {"uv": [12, 4, 13, 5], "texture": "#0"},
				"east": {"uv": [8, 2, 11, 3], "texture": "#0"},
				"south": {"uv": [5, 12, 6, 13], "texture": "#0"},
				"west": {"uv": [8, 3, 11, 4], "texture": "#0"},
				"up": {"uv": [3, 11, 2, 8], "texture": "#0"},
				"down": {"uv": [4, 8, 3, 11], "texture": "#0"}
			}
		},
		{
			"name": "grip",
			"from": [7.25, -0.5, 10],
			"to": [7.75, 2, 10.75],
			"rotation": {"angle": -22.5, "axis": "x", "origin": [7, 0, 9]},
			"faces": {
				"north": {"uv": [4, 4, 5, 7], "texture": "#0"},
				"east": {"uv": [5, 4, 6, 7], "texture": "#0"},
				"south": {"uv": [6, 2, 7, 5], "texture": "#0"},
				"west": {"uv": [6, 5, 7, 8], "texture": "#0"},
				"up": {"uv": [12, 8, 11, 7], "texture": "#0"},
				"down": {"uv": [9, 11, 8, 12], "texture": "#0"}
			}
		},
		{
			"name": "grip2",
			"from": [7.25, 1.75, 8],
			"to": [7.75, 2.25, 10],
			"rotation": {"angle": 0, "axis": "y", "origin": [6, 0.25, 8]},
			"faces": {
				"north": {"uv": [12, 3, 13, 4], "texture": "#0"},
				"east": {"uv": [9, 7, 11, 8], "texture": "#0"},
				"south": {"uv": [4, 12, 5, 13], "texture": "#0"},
				"west": {"uv": [9, 9, 11, 10], "texture": "#0"},
				"up": {"uv": [5, 12, 4, 10], "texture": "#0"},
				"down": {"uv": [6, 10, 5, 12], "texture": "#0"}
			}
		},
		{
			"name": "triggerguard1",
			"from": [7.25, 0.75, 8.25],
			"to": [7.75, 2, 8.5],
			"rotation": {"angle": 0, "axis": "y", "origin": [7.5, 0, 8.5]},
			"faces": {
				"north": {"uv": [12, 5, 13, 6], "texture": "#0"},
				"east": {"uv": [12, 6, 13, 7], "texture": "#0"},
				"south": {"uv": [7, 12, 8, 13], "texture": "#0"},
				"west": {"uv": [12, 7, 13, 8], "texture": "#0"},
				"up": {"uv": [9, 13, 8, 12], "texture": "#0"},
				"down": {"uv": [13, 8, 12, 9], "texture": "#0"}
			}
		},
		{
			"name": "triggerguard2",
			"from": [7.25, 0.75, 8.5],
			"to": [7.75, 1, 9.75],
			"rotation": {"angle": 0, "axis": "y", "origin": [7.5, 0.75, 10.5]},
			"faces": {
				"north": {"uv": [9, 12, 10, 13], "texture": "#0"},
				"east": {"uv": [12, 9, 13, 10], "texture": "#0"},
				"south": {"uv": [10, 12, 11, 13], "texture": "#0"},
				"west": {"uv": [12, 10, 13, 11], "texture": "#0"},
				"up": {"uv": [12, 13, 11, 12], "texture": "#0"},
				"down": {"uv": [13, 11, 12, 12], "texture": "#0"}
			}
		},
		{
			"name": "trigger",
			"from": [7.25, 1.25, 8.5],
			"to": [7.75, 2.25, 8.75],
			"rotation": {"angle": 22.5, "axis": "x", "origin": [7.5, 0, 8.65]},
			"faces": {
				"north": {"uv": [12, 12, 13, 13], "texture": "#0"},
				"east": {"uv": [2, 13, 3, 14], "texture": "#0"},
				"south": {"uv": [13, 2, 14, 3], "texture": "#0"},
				"west": {"uv": [3, 13, 4, 14], "texture": "#0"},
				"up": {"uv": [14, 4, 13, 3], "texture": "#0"},
				"down": {"uv": [5, 13, 4, 14], "texture": "#0"}
			}
		},
		{
			"name": "stock1",
			"from": [7.25, 0.25, 15],
			"to": [7.75, 2.25, 16],
			"rotation": {"angle": 0, "axis": "y", "origin": [6, 0, 14]},
			"faces": {
				"north": {"uv": [8, 4, 9, 6], "texture": "#0"},
				"east": {"uv": [6, 8, 7, 10], "texture": "#0"},
				"south": {"uv": [8, 6, 9, 8], "texture": "#0"},
				"west": {"uv": [7, 8, 8, 10], "texture": "#0"},
				"up": {"uv": [10, 12, 9, 11], "texture": "#0"},
				"down": {"uv": [12, 9, 11, 10], "texture": "#0"}
			}
		},
		{
			"name": "stock2",
			"from": [7.25, 0, 13],
			"to": [7.75, 2.5, 13.5],
			"rotation": {"angle": -22.5, "axis": "x", "origin": [7, 1.25, 12.5]},
			"faces": {
				"north": {"uv": [7, 2, 8, 5], "texture": "#0"},
				"east": {"uv": [4, 7, 5, 10], "texture": "#0"},
				"south": {"uv": [5, 7, 6, 10], "texture": "#0"},
				"west": {"uv": [7, 5, 8, 8], "texture": "#0"},
				"up": {"uv": [11, 12, 10, 11], "texture": "#0"},
				"down": {"uv": [12, 10, 11, 11], "texture": "#0"}
			}
		},
		{
			"name": "stock3",
			"from": [7.25, 0.25, 13.5],
			"to": [7.75, 0.75, 15],
			"rotation": {"angle": 0, "axis": "y", "origin": [7, 0, 13]},
			"faces": {
				"north": {"uv": [11, 11, 12, 12], "texture": "#0"},
				"east": {"uv": [8, 8, 10, 9], "texture": "#0"},
				"south": {"uv": [2, 12, 3, 13], "texture": "#0"},
				"west": {"uv": [9, 4, 11, 5], "texture": "#0"},
				"up": {"uv": [10, 7, 9, 5], "texture": "#0"},
				"down": {"uv": [9, 9, 8, 11], "texture": "#0"}
			}
		},
		{
			"name": "bolt2",
			"from": [7, 3, 10],
			"to": [8.5, 3.5, 10.5],
			"rotation": {"angle": -22.5, "axis": "z", "origin": [6.25, 1.6, 10.5]},
			"faces": {
				"north": {"uv": [10, 5, 12, 6], "texture": "#0"},
				"east": {"uv": [13, 4, 14, 5], "texture": "#0"},
				"south": {"uv": [6, 10, 8, 11], "texture": "#0"},
				"west": {"uv": [5, 13, 6, 14], "texture": "#0"},
				"up": {"uv": [12, 7, 10, 6], "texture": "#0"},
				"down": {"uv": [12, 8, 10, 9], "texture": "#0"}
			}
		},
		{
			"from": [7.25, 3.25, 5],
			"to": [7.75, 3.5, 7],
			"rotation": {"angle": 0, "axis": "y", "origin": [7.5, 3.375, 6]},
			"faces": {
				"north": {"uv": [13, 5, 14, 6], "texture": "#0"},
				"east": {"uv": [9, 10, 11, 11], "texture": "#0"},
				"south": {"uv": [6, 13, 7, 14], "texture": "#0"},
				"west": {"uv": [2, 11, 4, 12], "texture": "#0"},
				"up": {"uv": [12, 4, 11, 2], "texture": "#0"},
				"down": {"uv": [7, 11, 6, 13], "texture": "#0"}
			}
		}
	],
	"display": {
		"thirdperson_righthand": {
			"rotation": [10.02, -7.94, -15.84],
			"translation": [1.25, 7, 2.25]
		},
		"thirdperson_lefthand": {
			"rotation": [16.99, -15.59, -14.73],
			"translation": [0.75, 7, 3.25]
		},
		"firstperson_righthand": {
			"rotation": [0, -4.75, 0],
			"translation": [3.75, 9, -1]
		},
		"firstperson_lefthand": {
			"rotation": [0, -10, 0],
			"translation": [-2.5, 9.75, -0.25]
		},
		"ground": {
			"translation": [0, 5.25, 0]
		},
		"gui": {
			"rotation": [51.99, -34.2, 30.71],
			"translation": [-3, 3.25, 0]
		},
		"head": {
			"translation": [0.75, 19.5, -9.25],
			"scale": [2, 2, 2]
		},
		"fixed": {
			"rotation": [90.78, 50.48, -90.6],
			"translation": [6, 4, 0.25],
			"scale": [1.2, 1.2, 1.2]
		}
	},
	"groups": [
		{
			"name": "barrel",
			"origin": [8, 8, 8],
			"color": 0,
			"children": [0, 1, 2]
		},
		{
			"name": "grip",
			"origin": [8, 8, 8],
			"color": 0,
			"children": [3, 4, 5, 6, 7]
		},
		{
			"name": "stock",
			"origin": [0, 0, 0],
			"color": 0,
			"children": [8, 9, 10]
		},
		{
			"name": "bolt",
			"origin": [8, 8, 8],
			"color": 0,
			"children": [11]
		},
		{
			"name": "sightmount",
			"origin": [0, 0, 0],
			"color": 0,
			"children": [12]
		}
	]
}