{

	"textures": {
		"1": "shishioko:item/gun_ak47_0"
	},
	"elements": [
		{
			"from": [12, 5, 7.5],
			"to": [16, 7, 8.5],
			"rotation": {"angle": -22.5, "axis": "z", "origin": [14, 5, 7]},
			"faces": {
				"north": {"uv": [6, 4, 10, 6], "texture": "#1"},
				"east": {"uv": [11, 11, 12, 13], "texture": "#1"},
				"south": {"uv": [6, 6, 10, 8], "texture": "#1"},
				"west": {"uv": [0, 12, 1, 14], "texture": "#1"},
				"up": {"uv": [13, 9, 9, 8], "texture": "#1"},
				"down": {"uv": [13, 9, 9, 10], "texture": "#1"}
			}
		},
		{
			"from": [11, 4, 7.5],
			"to": [12, 7, 8.5],
			"rotation": {"angle": 22.5, "axis": "z", "origin": [11, 5, 7]},
			"faces": {
				"north": {"uv": [11, 1, 12, 4], "texture": "#1"},
				"east": {"uv": [8, 11, 9, 14], "texture": "#1"},
				"south": {"uv": [9, 11, 10, 14], "texture": "#1"},
				"west": {"uv": [10, 11, 11, 14], "texture": "#1"},
				"up": {"uv": [5, 13, 4, 12], "texture": "#1"},
				"down": {"uv": [13, 4, 12, 5], "texture": "#1"}
			}
		},
		{
			"from": [6, 3, 7.5],
			"to": [8, 7, 8.5],
			"rotation": {"angle": -22.5, "axis": "z", "origin": [7, 5, 7]},
			"faces": {
				"north": {"uv": [0, 8, 2, 12], "texture": "#1"},
				"east": {"uv": [6, 10, 7, 14], "texture": "#1"},
				"south": {"uv": [2, 8, 4, 12], "texture": "#1"},
				"west": {"uv": [7, 10, 8, 14], "texture": "#1"},
				"up": {"uv": [3, 13, 1, 12], "texture": "#1"},
				"down": {"uv": [14, 1, 12, 2], "texture": "#1"}
			}
		},
		{
			"from": [9, 5, 7.5],
			"to": [10, 6, 8.5],
			"rotation": {"angle": -22.5, "axis": "z", "origin": [10, 5, 7]},
			"faces": {
				"north": {"uv": [5, 12, 6, 13], "texture": "#1"},
				"east": {"uv": [12, 5, 13, 6], "texture": "#1"},
				"south": {"uv": [12, 10, 13, 11], "texture": "#1"},
				"west": {"uv": [12, 11, 13, 12], "texture": "#1"},
				"up": {"uv": [13, 13, 12, 12], "texture": "#1"},
				"down": {"uv": [2, 13, 1, 14], "texture": "#1"}
			}
		},
		{
			"from": [7, 6, 7],
			"to": [13, 8, 9],
			"rotation": {"angle": 0, "axis": "y", "origin": [11, 6, 7]},
			"faces": {
				"north": {"uv": [0, 0, 6, 2], "texture": "#1"},
				"east": {"uv": [4, 10, 6, 12], "texture": "#1"},
				"south": {"uv": [0, 2, 6, 4], "texture": "#1"},
				"west": {"uv": [10, 4, 12, 6], "texture": "#1"},
				"up": {"uv": [6, 6, 0, 4], "texture": "#1"},
				"down": {"uv": [6, 6, 0, 8], "texture": "#1"}
			}
		},
		{
			"from": [2, 6, 7.5],
			"to": [7, 8, 8.5],
			"rotation": {"angle": 0, "axis": "y", "origin": [5, 6, 7]},
			"faces": {
				"north": {"uv": [6, 0, 11, 2], "texture": "#1"},
				"east": {"uv": [12, 2, 13, 4], "texture": "#1"},
				"south": {"uv": [6, 2, 11, 4], "texture": "#1"},
				"west": {"uv": [3, 12, 4, 14], "texture": "#1"},
				"up": {"uv": [9, 9, 4, 8], "texture": "#1"},
				"down": {"uv": [9, 9, 4, 10], "texture": "#1"}
			}
		},
		{
			"from": [-2, 6, 7.5],
			"to": [2, 7, 8.5],
			"rotation": {"angle": 0, "axis": "y", "origin": [0, 6, 7]},
			"faces": {
				"north": {"uv": [10, 6, 14, 7], "texture": "#1"},
				"east": {"uv": [2, 13, 3, 14], "texture": "#1"},
				"south": {"uv": [10, 7, 14, 8], "texture": "#1"},
				"west": {"uv": [13, 2, 14, 3], "texture": "#1"},
				"up": {"uv": [12, 11, 8, 10], "texture": "#1"},
				"down": {"uv": [15, 0, 11, 1], "texture": "#1"}
			}
		}
	],
	"display": {
		"thirdperson_righthand": {
			"rotation": [136.75, -80, 140],
			"translation": [0, 2.5, -2.25],
			"scale": [0.9, 0.9, 0.9]
		},
		"thirdperson_lefthand": {
			"rotation": [136.75, 90, -140],
			"translation": [0, 2.5, -2.25],
			"scale": [0.9, 0.9, 0.9]
		},
		"firstperson_righthand": {
			"rotation": [37.63, -68.63, 16.46],
			"translation": [-0.12, 3.2, 4.38],
			"scale": [0.68, 0.68, 0.68]
		},
		"firstperson_lefthand": {
			"rotation": [-30.9, 84.23, 53.61],
			"translation": [-0.12, 3.7, 3.13],
			"scale": [0.68, 0.68, 0.68]
		},
		"gui": {
			"rotation": [0, -135, -35],
			"translation": [-1.25, 1.25, 0],
			"scale": [1.2, 1.2, 1.2]
		},
		"head": {
			"rotation": [180, -90, 180],
			"translation": [0, 12.75, -6.75],
			"scale": [2, 2, 2]
		},
		"fixed": {
			"rotation": [0, 0, -43.25],
			"translation": [1.75, 1, 0],
			"scale": [1.3, 1.3, 1.3]
		}
	}
}