{
  "entity.arrow.shoot":
    {
      "replace": true,
      "sounds":
        [
          {
            "name": "shishioko:gun/gun_ak47_shoot",
            "volume": 0.75
          }
        ]
    },  
  "item.crossbow.shoot":
    {
      "replace": true,
      "sounds":
        [
          {
            "name": "shishioko:gun/gun_bfg50_shoot",
            "volume": 1.5
          }
        ]
    },  
  "item.crossbow.loading_start":
    {
      "replace": true,
      "sounds":
        [
          {
            "name": "shishioko:gun/gun_bfg50_load_0",
            "volume": 0.5
          }
        ]
    }, 
  "item.crossbow.loading_middle":
    {
      "replace": true,
      "sounds":
        [
          {
            "name": "shishioko:gun/gun_bfg50_load_1",
            "volume": 0.5
          }
        ]
    }, 
  "item.crossbow.loading_end":
    {
      "replace": true,
      "sounds":
        [
          {
            "name": "shishioko:gun/gun_bfg50_load_2",
            "volume": 0.5
          }
        ]
    },    
  "item.crossbow.quick_charge_1":
    {
      "replace": true,
      "sounds":
        [
          {
            "name": "shishioko:gun/gun_bfg50_load_0",
            "volume": 0.5
          }
        ]
    }, 
  "item.crossbow.quick_charge_2":
    {
      "replace": true,
      "sounds":
        [
          {
            "name": "shishioko:gun/gun_bfg50_load_1",
            "volume": 0.5
          }
        ]
    }, 
  "item.crossbow.quick_charge_3":
    {
      "replace": true,
      "sounds":
        [
          {
            "name": "shishioko:gun/gun_bfg50_load_2",
            "volume": 0.5
          }
        ]
    },  
  "entity.skeleton.shoot":
    {
      "replace": true,
      "sounds":
        [
          {
            "name": "shishioko:gun/gun_ak47_shoot",
            "volume": 0.75
          }
        ]
    },  
  "entity.firework_rocket.launch":
    {
      "replace": true,
      "sounds":
        [
          {
            "name": "shishioko:firework/firework_launch",
            "volume": 2
          }
        ]
    }

}